ACCX,GYRX,ACCY,GYRY,ACCZ,GYRZ
16736,65157,65476,150,63284,41
16728,65163,65456,120,63280,13
16604,65149,65520,154,63412,31
16716,65186,65520,147,63256,21
16692,65172,28,135,63272,18
16636,65177,4,152,63192,44
16680,65163,76,133,63240,42
16508,65168,16,114,63168,11
16568,65168,65528,125,63276,14
16788,65146,65412,156,63308,18
16616,65154,65456,150,63188,6
16664,65188,24,144,63300,35
16676,65177,65436,108,63288,42
16692,65168,65480,169,63224,32
16712,65185,65528,157,63216,30
16660,65185,65528,149,63300,42
16568,65187,65512,142,63288,34
16772,65169,65460,142,63328,27
16688,65157,65508,111,63240,31
16708,65160,65492,139,63252,17
16604,65187,65460,148,63328,49
16612,65179,65512,117,63068,32
16672,65154,40,156,63240,21
16640,65175,65488,150,63280,50
16676,65187,65292,156,63276,38
16736,65171,65432,149,63336,30
16736,65171,156,132,63080,55
16680,65175,65476,160,63168,39
16672,65153,56,115,63324,49
16692,65148,65484,137,63392,64
16472,65152,16,147,63304,62
16448,65176,65512,135,63464,66
16596,65162,65492,128,63256,45
16736,65180,20,167,63144,33
16660,65211,65400,175,63252,67
16628,65157,65504,146,63140,35
16716,65184,65520,145,63156,36
16624,65151,65516,158,63272,48
16712,65174,65508,130,63384,34
16664,65161,65492,154,63412,10
16716,65169,65392,151,63252,28
16668,65162,65500,136,63260,32
16712,65164,52,132,63136,40
16648,65162,65524,184,63240,29
16748,65151,65484,157,62992,15
16632,65169,80,134,63284,44
16680,65170,65448,149,63276,37
16644,65169,60,140,63240,40
16612,65178,12,125,63180,40
16716,65164,204,148,63216,42
16716,65156,44,166,63064,28
16744,65168,216,145,63196,17
16632,65156,8,161,63380,12
16736,65178,4,116,63364,22
16648,65166,65508,141,63232,38
16476,65152,88,139,63176,15
16400,65169,65504,141,63136,44
16688,65165,65448,126,63332,41
16656,65170,65516,139,63088,34
16732,65175,65484,135,63316,43
16700,65157,65484,152,63260,35
16748,65165,65480,164,63172,34
16680,65169,65448,158,63132,48
16676,65153,65532,125,63236,41
16600,65170,16,131,63156,52
16624,65160,65436,162,63232,66
16712,65167,65424,151,63368,56
16616,65162,65456,160,63288,50
16688,65177,65496,150,63228,52
16680,65174,92,158,63336,67
16792,65163,65508,153,63272,39
16772,65160,65460,143,63228,40
16712,65173,32,135,63344,48
16676,65182,40,169,63288,22
16836,65197,65412,134,63400,43
16644,65168,65412,169,63112,62
16712,65167,60,155,63240,27
16716,65161,65496,144,63308,26
16656,65153,65436,142,63196,16
16704,65160,20,149,63288,46
16628,65172,65480,123,63336,56
16732,65183,65460,144,63116,39
16812,65173,65440,103,63224,60
16632,65167,65420,168,63316,40
16648,65154,65524,151,63188,29
16688,65151,65448,143,63288,42
16616,65172,52,135,63284,54
16776,65156,65448,131,63316,77
16712,65158,65424,113,63176,74
16716,65166,65464,172,63420,49
16636,65172,65460,136,63260,37
16720,65160,65380,149,63284,64
16676,65158,65492,124,63332,45
16800,65183,65420,127,63296,24
16608,65157,65520,175,63212,39
16664,65192,96,167,63224,61
16692,65154,65504,142,63252,57
16716,65171,65416,138,62992,59
16632,65167,65480,115,63288,43
16692,65183,65468,157,62980,49
16660,65170,65460,139,63248,39
16616,65164,52,109,63136,21
16716,65156,65488,136,63272,29
16744,65172,65512,140,63152,38
16628,65168,65440,147,63360,18
16736,65174,65456,130,63244,35
16732,65158,65508,160,63180,49
16640,65168,65480,135,63120,29
16740,65177,65516,155,63128,28
16764,65147,65472,146,63204,16
16616,65152,65488,131,63244,24
16660,65145,65480,155,63256,48
16744,65196,65508,130,63400,54
16728,65182,4,166,63192,12
16716,65178,52,124,63152,58
16652,65167,65472,128,63008,40
16768,65159,65424,149,63312,41
16648,65171,40,154,63256,31
16648,65138,16,138,63260,29
16704,65163,32,146,63248,36
16732,65164,65456,139,63276,43
16708,65173,100,126,63164,33
16704,65177,16,120,63232,52
16704,65171,65508,158,63156,42
16792,65140,0,112,63408,40
16772,65169,28,154,63312,34
16744,65180,65392,132,63208,41
16688,65167,40,153,63216,57
16776,65156,65452,150,63164,35
16668,65175,65468,143,63220,43
16840,65167,65500,161,63256,30
16744,65166,24,170,63232,21
16704,65150,65528,138,63352,33
16692,65155,65532,159,63252,25
16608,65158,65520,137,63276,30
16684,65180,65452,155,63288,17
16628,65173,4,158,63172,35
16780,65154,36,139,63292,44
16692,65185,104,144,63232,48
16604,65152,65456,150,63264,35
16740,65163,65488,146,63248,39
16668,65167,65484,138,63340,50
16708,65155,65528,136,63260,34
16692,65166,68,130,63156,52
16652,65129,44,134,63196,58
16812,65187,65468,127,63324,62
16592,65155,65496,138,63324,55
16752,65157,65496,179,63236,57
16716,65187,20,140,63256,49
16680,65156,0,161,63168,53
16736,65180,65448,148,63472,38
16632,65185,65524,143,62984,49
16660,65157,65448,172,63480,25
16716,65181,65468,145,63316,27
16776,65181,65440,167,63168,47
16708,65159,200,116,63276,58
16692,65165,65288,127,63240,17
16704,65160,65320,147,63356,15
16616,65162,65484,141,63216,34
16728,65164,65444,139,63356,23
1681,6.51765e+14,10,0,0,0
6708,65171,65436,151,63228,12
16756,65187,65484,167,63248,43
16772,65156,65480,143,63144,34
16772,65170,52,146,63188,26
16656,65175,20,133,63224,37
16748,65161,12,140,63196,43
16704,65176,65500,140,63244,40
16556,65172,65504,138,63160,25
16728,65172,65480,137,63316,26
16828,65181,65468,126,63236,19
16620,65180,65464,128,63352,34
16716,65148,65520,155,63348,13
16716,65175,65416,132,63116,26
16748,65165,65504,154,63188,40
16716,65167,72,138,63340,50
16640,65168,65476,146,63408,44
16660,65166,12,162,63304,61
16812,65171,0,137,63352,54
16744,65182,65456,133,63316,38
16704,65177,24,152,63244,69
16692,65175,24,126,63220,38
16756,65161,65432,159,63304,40
16808,65157,32,138,63372,70
16644,65169,8,134,63296,38
16632,65175,65504,158,63288,29
16724,65188,65500,137,63360,46
16692,65170,65516,152,63268,57
16720,65150,65516,108,63188,24
16680,65199,8,148,63296,42
16652,65168,8,131,63212,27
16756,65175,84,145,63320,31
16716,65183,8,156,63368,43
16636,65186,65500,161,63364,26
16788,65184,65388,134,63120,11
16628,65158,65504,129,63280,18
16760,65161,65476,157,63188,25
16704,65152,0,148,63228,27
16532,65156,65432,142,63336,33
16704,65166,65492,145,63228,26
16760,65161,65464,121,63172,9
16600,65199,48,139,63244,20
16828,65153,65504,158,63272,8
16872,65157,65468,178,63244,16
16420,65155,65472,157,63232,42
16888,65171,32,170,63336,17
16728,65173,12,147,63332,45
16744,65139,72,155,63192,41
16672,65178,65512,162,63316,30
16680,65173,0,131,63228,42
16684,65182,65508,151,63264,42
16652,65160,20,175,63224,45
16652,65176,65484,135,63252,61
16680,65182,65496,119,63244,21
16692,65166,65508,142,63252,49
16780,65155,44,157,63136,36
16740,65172,24,144,63236,82
16664,65168,65460,127,63256,43
16760,65164,65508,158,63348,29
16664,65162,65464,153,63248,62
16628,65191,65520,147,63156,34
16700,65145,65488,139,63236,59
16600,65165,65488,124,63244,55
16604,65191,65480,133,63224,26
16708,65186,12,148,63232,41
16780,65172,65448,117,63144,32
16712,65181,65488,152,63316,33
16732,65164,65488,161,63232,45
16668,65171,65476,165,63236,38
16720,65169,76,144,63336,18
16608,65173,65428,147,63260,51
16680,65159,28,163,63216,20
16732,65173,65488,153,63184,52
16748,65166,65448,165,63228,31
16712,65179,65508,155,63196,45
16756,65172,32,119,63176,55
16668,65149,65500,127,63396,31
16744,65172,65480,140,63408,52
16696,65154,65392,169,63216,45
16608,65172,65404,111,63344,53
16648,65180,65524,132,63380,24
16616,65150,65484,154,63236,46
16656,65150,65468,113,63456,38
16692,65171,40,108,63296,12
16692,65185,12,154,63256,38
16616,65161,65492,146,63156,25
16788,65169,65524,114,63460,40
16716,65175,65508,130,63004,38
16660,65173,65516,134,63300,38
16532,65161,65488,150,63304,3
16712,65180,65436,147,63312,46
16708,65173,65532,134,63456,37
16728,65181,132,158,63284,36
16608,65165,65356,140,63312,35
16668,65167,40,161,63288,20
16608,65164,65504,137,63328,40
16720,65164,40,137,63140,31
16652,65183,60,143,63224,19
16864,65178,0,159,63268,36
16652,65157,65496,119,63232,47
16744,65158,65452,165,63180,21
16644,65185,65440,150,63272,24
16620,65181,24,152,63360,41
16704,65151,65468,153,63168,38
16740,65193,65496,158,63240,32
16744,65135,65532,127,63204,33
16668,65165,72,141,63284,56
16676,65163,65484,149,63272,45
16656,65178,65516,118,63356,31
16644,65158,65432,131,63316,52
16636,65168,65488,158,63372,46
16692,65166,65512,148,63248,41
16696,65165,4,114,63272,21
16688,65167,52,138,63284,45
16668,65166,65384,121,63216,57
16760,65172,65508,152,63140,48
16700,65182,36,153,63248,45
16692,65187,65484,146,63260,60
16672,65168,65504,182,63284,70
16760,65170,65452,148,63316,30
16724,65171,65508,131,63040,25
16684,65147,24,151,63264,19
16712,65153,16,105,63400,30
16680,65176,65300,115,63320,37
16668,65170,65516,151,63216,35
16648,65172,48,129,63336,53
16500,65184,40,157,63248,27
16792,65169,65524,159,63328,13
16616,65170,65444,151,63228,46
16760,65156,65480,131,63224,64
16676,65156,65460,126,63184,50
16660,65162,65416,149,63236,48
16656,65158,65464,148,63156,38
16636,65174,65532,142,63248,45
16736,65165,28,131,63256,60
16756,65165,65496,160,63308,44
16636,65164,65468,152,63296,44
16704,65158,65524,139,63308,44
16712,65176,65448,171,63200,60
16760,65177,65472,181,63356,28
16668,65174,65468,178,63104,56
16636,65199,65496,136,63448,47
16672,65177,65472,137,63288,15
16712,65179,65500,146,63324,55
16680,65179,65508,135,63172,27
16724,65159,65472,135,63252,12
16700,65158,65476,177,63316,43
16596,65173,65428,158,63120,37
16700,65193,65440,128,63256,33
16748,65157,65488,150,63244,32
16700,65156,76,119,63304,19
16388,65156,65512,123,63384,55
16720,65161,65520,165,63188,14
16656,65153,65492,143,63196,22
16760,65157,65516,128,63332,38
16624,65184,65532,159,63360,23
16692,65173,65508,169,63244,21
16668,65174,0,127,63316,21
16776,65156,65516,150,63116,46
16692,65165,65496,164,63332,16
16764,65157,65416,121,63156,12
16724,65182,65460,157,63148,27
16604,65164,16,128,63288,34
16740,65152,65488,169,63244,46
16660,65176,65492,137,63316,52
16668,65152,65476,156,63312,32
16608,65167,65532,162,63380,51
16660,65161,65444,149,63204,57
16620,65188,65396,151,63376,59
16620,65169,8,156,63276,31
16704,65175,65448,164,63212,38
16704,65178,65472,130,63276,39
16732,65149,65504,130,63196,15
16680,65169,65484,149,63256,25
16708,65146,65508,133,63304,13
16712,65181,65456,115,63220,25
16668,65173,8,158,63240,13
16700,65171,65508,128,63116,23
16648,65187,72,157,63244,34
16680,65170,65516,161,63260,14
16724,65159,65448,154,63264,37
16668,65173,65476,152,63244,38
16684,65168,56,156,63356,40
16704,65154,96,142,63276,65534
16620,65183,16,145,63408,31
16672,65175,12,123,63196,26
16768,65150,20,145,63176,73
16764,65162,36,147,63080,44
16796,65176,65508,130,63192,67
16592,65177,65528,124,63280,34
16616,65166,65468,127,63208,66
16612,65176,65528,141,63200,56
16716,65165,65428,134,63308,43
16756,65156,65500,161,63188,40
16608,65174,8,157,63480,56
16712,65162,65472,148,63152,51
16648,65176,65532,134,63188,58
16636,65172,65492,144,63120,40
16668,65138,65504,148,63224,69
16644,65166,65432,138,63352,34
16768,65169,65420,134,63124,50
16724,65161,65488,167,63296,44
16692,65172,65520,143,63352,25
16884,65170,8,137,63264,58
16872,65170,65476,169,63152,52
16784,65174,100,177,63340,33
16704,65170,65472,153,63244,40
16520,65194,44,160,63152,20
16672,65180,65448,145,63276,44
16732,65201,65460,122,63272,26
16748,65164,65464,132,63244,29
16764,65176,60,147,63288,3
16816,65176,65488,164,63320,40
16672,65171,65500,116,63392,9
16616,65168,65496,170,63324,31
16724,65191,65472,135,63220,56
16676,65170,65460,155,63316,19
16628,65166,65480,153,63192,39
16616,65180,65504,134,63192,54
16732,65192,65484,139,63284,26
16780,65156,65484,151,63240,30
16656,65191,65452,162,63188,13
16636,65181,65508,184,63292,40
16664,65144,16,140,63248,55
16676,65167,65484,137,63380,45
16580,65173,4,143,63200,37
16652,65158,65496,124,63288,26
16612,65165,65492,155,63340,12
16624,65181,65476,143,63324,22
16736,65168,44,138,63280,19
16700,65168,65480,154,63216,28
16596,65185,65528,157,63392,30
16768,65163,65468,142,63272,45
16732,65177,65456,149,63324,39
16728,65153,12,136,63368,13
16672,65171,65468,144,63252,44
16612,65155,65460,139,63292,18
16628,65162,65464,146,63312,30
16796,65149,24,149,63320,20
16628,65164,65452,171,63192,30
16640,65171,20,129,63296,15
16680,65173,65524,162,63304,25
16708,65170,65524,133,63168,30
16620,65155,20,150,63224,36
16704,65154,65516,166,63216,49
16680,65162,65492,137,63304,38
16696,65178,65436,148,63252,47
16604,65146,20,169,63160,44
16592,65182,24,152,63076,60
16720,65148,65520,128,63252,39
16740,65178,65472,146,63268,43
16660,65180,236,128,63040,42
16728,65164,65368,160,63360,35
16716,65165,65288,143,63288,29
16672,65175,16,161,63192,30
16752,65161,56,144,63208,14
16668,65189,65496,156,63264,20
16692,65156,8,165,63232,39
16892,65155,52,113,63020,39
16712,65166,65412,133,63156,51
16712,65182,65492,151,63320,42
16756,65156,65508,140,63292,48
16656,65188,65508,144,63292,23
16608,65182,0,137,63332,34
16624,65157,65528,163,63208,23
16792,65172,65520,133,63300,29
16660,65186,4,161,63268,36
16752,65168,65500,126,63264,15
16692,65145,20,125,63336,15
16616,65152,65488,155,63348,26
16740,65179,65524,165,63068,6
16616,65158,65496,161,63292,19
16704,65168,65508,117,63132,32
16716,65170,65508,145,63188,24
16688,65173,65492,136,63328,20
16632,65171,65448,143,63464,40
16716,65164,28,151,63228,19
16728,65196,65472,138,63296,16
16624,65143,65448,114,63260,40
16756,65153,65484,118,63200,59
16716,65141,65516,173,63312,47
16832,65156,65508,134,63308,61
16808,65166,24,117,63320,50
16688,65175,28,118,63200,39
16720,65177,65488,121,63324,18
16660,65188,65496,142,63184,11
16752,65155,65484,161,63116,29
16780,65168,65484,135,63264,44
16664,65160,28,124,63288,20
16676,65185,65436,149,63176,31
16720,65176,65468,180,63256,28
16636,65171,28,136,63176,21
16656,65156,65460,145,63272,15
16644,65168,65504,143,63216,13
16700,65168,96,143,63236,20
16640,65163,65476,175,63316,36
16644,65183,65436,141,63352,6
16680,65174,65504,115,63260,8
16632,65169,56,141,63208,26
16700,65159,65472,144,63180,40
16564,65165,65400,154,63204,18
16816,65168,65456,148,63416,39
16740,65148,65484,122,63176,56
16756,65158,24,178,63324,33
16692,65173,65304,151,63216,28
16648,65158,65456,120,63204,53
16632,65179,65492,138,63220,22
16740,65174,65508,156,63128,39
16744,65142,65472,149,63380,40
16620,65181,65476,132,63312,58
16692,65144,65488,142,63328,26
16432,65194,8,141,63076,43
16768,65185,36,137,63192,50
16804,65154,65476,123,63300,69
16700,65172,65464,151,63308,55
16672,65173,65496,159,63272,29
16660,65169,65484,148,63224,46
16680,65155,52,151,63224,72
16704,65178,65500,147,63252,43
16712,65182,65512,142,63144,57
16700,65175,65484,127,63160,44
16628,65162,65460,146,63388,52
16676,65169,65532,148,63180,19
16668,65172,65472,122,63172,16
16724,65181,65496,146,63420,35
16684,65175,32,133,63316,18
16732,65152,65472,145,63252,34
16692,65188,65500,121,63248,12
16716,65164,65520,158,63260,43
16676,65187,0,143,63268,23
16696,65162,65532,148,63292,32
16672,65149,65512,143,63316,13
16740,65151,65508,162,63320,30
16712,65159,65516,153,63056,46
16744,65166,65500,138,63272,41
16608,65178,65496,118,63220,55
16708,65173,65524,141,63364,86
16668,65192,65492,134,63288,36
16784,65168,65504,124,63360,49
16680,65165,65460,138,63144,56
16684,65176,65448,152,63360,32
16644,65166,65476,118,63220,48
16644,65181,65412,174,63284,38
167,195,65428,14256,32,0
16608,65150,4,155,63360,51
16664,65170,65444,117,63228,40
16596,65190,68,120,62964,33
16704,65169,65468,151,63260,61
16636,65163,65468,143,63236,58
16664,65173,65440,137,63220,57
16776,65181,44,172,63304,68
16692,65171,65492,166,63304,46
16652,65177,65528,172,63340,44
16692,65164,65464,164,63160,75
16680,65155,65512,137,63356,43
16716,65161,65528,152,63364,39
16652,65169,65484,128,63264,21
16576,65167,65444,162,63264,64
16688,65188,65520,141,63332,15
16692,65181,65488,113,63000,31
16700,65152,65456,176,63040,26
16728,65164,65416,134,63192,33
16656,65191,65412,128,63272,34
16724,65164,65520,126,63204,14
16772,65157,65508,153,63132,21
16728,65150,65468,168,63164,47
16700,65167,65376,160,63288,21
16760,65139,16,155,63364,65530
16696,65163,65460,132,63216,31
16712,65159,65480,136,63156,6
16652,65166,8,137,63308,8
16748,65186,0,149,63136,36
16784,65184,0,139,63208,30
16752,65180,65472,148,63200,11
16716,65152,12,154,63196,42
16620,65172,16,149,63236,24
16644,65161,65532,138,63176,69
16692,65177,65520,136,63164,31
16716,65157,65492,161,63160,16
16728,65180,65492,150,63148,44
16644,65171,72,133,63284,28
16728,65168,65436,160,63180,72
16708,65141,28,158,63308,44
16676,65173,65436,124,63148,52
16580,65164,65504,111,63136,43
16704,65153,65520,170,63224,25
16656,65163,65456,151,63304,44
16804,65169,65436,140,63152,68
16756,65168,65488,148,63144,33
16716,65177,65532,172,63352,41
16716,65170,65516,123,63324,37
16708,65159,65512,155,63232,4
16768,65172,65488,162,63304,19
16640,65143,65452,134,63344,10
16660,65185,65496,133,63112,25
16756,65155,65504,138,63220,32
16748,65150,65484,121,63268,40
16676,65159,65516,141,63244,43
16692,65183,8,134,63388,40
16652,65187,65456,154,63256,3
16664,65186,65504,175,63256,26
16612,65190,65480,163,63384,28
16636,65157,20,143,63240,23
16692,65184,32,149,63272,24
16792,65143,65432,162,63204,18
16668,65184,16,124,63272,17
16616,65172,0,130,63348,51
16780,65158,40,128,63236,1
16592,65153,65456,158,63264,42
16704,65148,28,152,63160,10
16696,65172,65436,141,63148,31
16688,65181,65528,127,63260,36
16592,65164,65472,122,63232,13
16644,65173,65504,143,63336,35
16740,65183,204,140,63264,51
16644,65201,65524,142,63264,55
16636,65200,65516,138,63164,39
16644,65169,65448,106,63220,49
16668,65169,65488,133,63328,45
16704,65153,32,128,63232,70
16676,65178,65448,143,63232,74
16668,65182,65464,149,63136,60
16744,65147,65508,146,63128,32
16652,65168,65480,130,63240,32
16632,65166,65496,155,63332,48
16712,65163,65472,142,63308,56
16716,65166,52,133,63120,32
16672,65182,56,156,63168,35
16680,65157,65532,147,63384,25
16680,65144,40,154,63080,56
16564,65173,65400,133,63292,37
16628,65166,8,131,63084,46
16616,65188,65476,136,63328,15
16652,65161,65504,164,63324,53
16640,65167,0,127,63332,37
16648,65166,4,116,63236,36
16672,65177,65484,142,63176,20
16656,65169,65500,133,63252,34
16728,65161,65472,162,63308,18
16784,65182,65472,120,63168,31
16740,65163,65436,164,63292,23
16684,65158,48,133,63360,50
16656,65179,65464,148,63196,66
16768,65191,65472,109,63232,38
16672,65160,65532,127,63288,49
16680,65184,65516,100,63164,44
16688,65190,65472,150,63180,47
16712,65146,65488,132,63292,55
16640,65167,65524,168,63356,36
16644,65176,65500,128,63168,39
16712,65172,0,117,63184,30
16660,65173,65496,133,63468,33
16732,65158,65460,168,63228,66
16724,65159,16,150,63252,40
16768,65170,20,144,63264,30
16640,65162,65456,138,63268,44
16728,65155,65532,130,63296,7
16628,65176,64,131,63220,35
16696,65179,65516,160,63288,12
16804,65173,40,146,63272,26
16716,65165,65524,112,63288,28
16600,65186,65476,133,63044,13
16664,65149,65412,136,63164,22
16632,65182,65512,164,63252,24
16668,65188,65504,139,63220,14
16612,65178,4,159,63232,36
16716,65175,0,144,63208,13
16752,65162,65508,149,63152,34
16560,65166,65332,166,63236,16
16688,65159,65492,131,63284,37
16624,65182,65460,158,63320,31
16748,65181,65492,113,63300,38
16840,65156,48,139,63332,37
16712,65158,65512,158,63292,35
16684,65174,65460,140,63284,42
16724,65170,65512,179,63160,35
16720,65157,65500,157,63168,20
16716,65159,65528,122,63176,14
16672,65163,65492,169,63172,67
16684,65158,65460,135,63128,53
16664,65181,65504,144,63268,49
16712,65160,84,178,63228,24
16768,65163,12,143,63156,27
16692,65187,65460,147,63216,41
16768,65184,65456,168,63372,45
16600,65170,65512,136,63340,20
16688,65148,65508,129,63308,32
16744,65164,65436,165,63316,42
16576,65161,4,125,63292,30
16716,65173,52,134,63172,5
16664,65181,65480,145,63272,53
16664,65177,65520,146,63268,34
16764,65193,65416,117,63292,51
16652,65165,40,130,63188,27
16632,65149,65452,133,63392,33
16628,65174,65528,178,63300,12
16716,65154,12,170,63088,47
16676,65163,65448,138,63312,46
16692,65169,8,141,63248,23
16728,65177,65500,158,63128,52
16712,65205,65456,167,63200,61
16712,65166,65460,141,63196,45
16728,65171,65452,147,63312,43
16680,65174,48,144,63252,42
16632,65162,65432,108,63172,41
16616,65169,65452,116,63280,61
16716,65174,65504,128,63196,57
16692,65182,65436,156,63276,33
16792,65185,65408,158,63180,60
16728,65172,65516,138,63328,51
16808,65155,65516,133,63256,39
16660,65156,65488,128,63232,33
16668,65176,65512,123,63180,43
16688,65170,65528,157,63244,26
16668,65181,65508,142,63228,32
16592,65187,65480,140,63304,24
16648,65183,65508,127,63388,15
16668,65179,65508,148,63328,23
16568,65167,65492,137,63172,20
16656,65170,65532,131,63296,24
16736,65170,65444,143,63312,3
16704,65164,65524,165,63260,37
16652,65197,65448,141,63216,18
16716,65158,65336,171,63204,6
16648,65170,65508,119,63384,30
16720,65164,65528,138,63240,31
16456,65172,65520,148,63292,27
16808,65184,32,129,63344,51
16776,65158,65504,160,63176,41
16664,65167,48,123,63204,20
16684,65174,40,142,63100,12
16684,65174,0,173,63268,19
16652,65192,65516,140,63344,54
16628,65182,65468,135,63368,39
16704,65159,65524,140,63384,41
16904,65168,65532,138,63208,22
16744,65173,16,131,63388,41
16792,65166,65516,177,63260,43
16648,65180,65440,138,63156,36
16764,65179,65516,174,63248,40
16692,65160,80,131,63260,41
16720,65176,65432,144,63200,44
16616,65170,65516,138,63276,17
16660,65171,65520,142,63300,47
16684,65158,24,141,63324,51
16736,65174,56,169,63160,53
16672,65158,65500,156,63244,41
16628,65164,65440,148,63340,43
16608,65171,65432,143,63256,49
16772,65155,65464,145,63372,24
16820,65146,65444,167,63236,40
16676,65156,65464,137,63252,37
16784,65170,65516,144,63368,64
16756,65176,65456,158,63244,13
16552,65154,65456,151,63332,35
16672,65184,65444,128,63228,60
16680,65172,0,164,63120,25
16728,65185,65448,123,63320,29
16684,65170,65492,158,63268,53
16704,65160,4,152,63192,31
16792,65164,65444,159,63228,40
16664,65170,4,155,63188,47
16688,65183,65516,133,63308,65
16724,65159,16,125,63284,53
16736,65158,65412,149,63188,23
16704,65176,16,163,63228,55
16776,65178,65496,148,63204,54
16748,65162,65496,122,63272,36
16648,65154,65528,139,63080,56
16700,65176,65492,150,63444,46
16752,65164,65444,155,63376,34
16644,65192,65484,155,63216,44
16672,65181,65468,150,63180,51
16688,65175,188,108,63232,42
16804,65177,44,137,63188,21
16676,65149,65448,127,63316,34
16604,65158,20,160,63172,21
16520,65172,65504,128,63272,61
16860,65164,12,135,63336,14
16768,65153,16,146,63312,19
16700,65169,65516,159,63320,28
16640,65174,65444,142,63328,47
16628,65148,65456,155,63200,25
16672,65168,65504,129,63228,30
16720,65169,65504,154,63316,65529
16620,65170,65504,138,63284,47
16684,65141,65504,144,63188,65530
16724,65181,65532,147,63344,29
16724,65178,28,132,63308,19
16724,65162,65472,136,63192,33
16524,65164,65512,130,63268,30
16712,65182,65512,153,63288,23
16616,65163,28,141,63292,31
16620,65148,65476,150,63208,42
16772,65172,65416,158,63336,35
16688,65170,65460,163,63280,34
16528,65170,65516,138,63228,34
16812,65178,65384,117,63196,64
16580,65160,32,132,63132,57
16704,65155,65520,121,63332,69
16644,65186,65524,129,63344,75
16708,65194,65460,163,63180,26
16708,65142,65468,147,63172,26
16644,65164,24,155,63236,33
16752,65175,12,127,63340,21
16556,65172,65464,127,63204,29
16564,65159,65524,149,63232,25
16688,65183,65480,145,63204,27
16716,65175,65504,182,63264,50
16760,65172,65492,157,63280,42
16744,65151,65512,143,63392,40
16608,65168,65532,143,63356,47
16668,65166,65508,152,63384,44
16684,65171,65488,170,63356,34
16732,65160,24,163,63308,70
16588,65162,65520,144,63236,35
16604,65166,4,136,63260,19
16676,65174,65496,134,63328,50
16616,65165,65444,137,63164,47
16736,65161,36,165,63172,59
16668,65176,65500,140,63348,46
16660,65156,65508,120,63048,47
16680,65156,65440,135,63060,35
16704,65175,65520,151,63464,46
16688,65172,65516,126,63296,28
16688,65145,65520,142,63280,48
16656,65162,65480,135,63172,66
16772,65151,65532,165,63160,39
16660,65165,65328,160,63148,46
16748,65176,65500,162,63312,22
16696,65151,65492,135,63280,13
16772,65184,65488,134,63348,39
16608,65167,65452,141,63188,41
16636,65182,80,137,63192,33
16632,65164,65460,137,63384,65519
16692,65167,65528,142,63184,29
16704,65174,36,160,63360,22
16732,65176,65432,107,63300,23
16800,65178,65468,156,63220,46
16748,65172,65504,156,63184,35
16728,65164,12,143,63312,24
16708,65157,65488,142,63244,14
16656,65154,65412,170,63236,17
16608,65144,65508,147,63416,29
16656,65171,65492,155,63128,8
16640,65183,65496,133,63220,38
16680,65159,65440,155,63224,42
16812,65169,44,118,63252,34
16604,65172,65496,124,63192,49
16700,65169,65480,156,63220,26
16744,65160,65444,138,63236,36
16668,65158,65520,130,63276,40
16628,65188,32,159,63216,47
16668,65174,65528,153,63332,47
16728,65166,65476,186,63284,20
16584,65166,12,145,63276,31
16744,65158,65508,141,63348,42
16644,65150,65484,144,63080,18
16804,65166,4,151,63436,48
16648,65172,65416,174,63344,42
16564,65165,65460,110,63208,17
16656,65144,65532,154,63220,0
16704,65158,65512,136,63360,34
16644,65149,12,152,63380,10
16700,65180,4,142,63248,41
16768,65172,65488,130,63372,43
16616,65146,65508,146,63228,44
16696,65164,65484,142,63180,22
16804,65160,4,129,63344,47
16608,65176,72,140,63176,28
16576,65161,65480,144,63168,28
16620,65180,65448,138,63244,30
16584,65180,65464,141,63304,24
16668,65185,65428,163,63240,9
16700,65170,65520,148,63296,35
16712,65181,65484,154,63304,19
16696,65154,65500,148,63260,19
16668,65158,65444,150,63172,26
16732,65196,65440,173,63328,5
16684,65180,65452,131,63220,58
16648,65150,65516,125,63304,46
16728,65161,65424,133,63212,64
16640,65176,65456,148,63192,50
16704,65164,65456,161,63304,45
16708,65169,72,141,63308,61
16716,65171,65528,157,63116,48
16668,65160,65492,146,63220,51
16644,65170,65468,146,63152,42
16784,65181,65496,144,63240,40
16668,65162,65500,174,63136,42
16696,65156,65516,157,63340,31
16688,65179,12,138,63224,35
16656,65178,65396,129,63332,38
16712,65174,65460,129,63408,21
16672,65174,65496,161,63172,32
16692,65160,12,125,63272,30
16728,65167,44,172,63224,19
16644,65161,16,136,63316,31
16696,65171,65468,145,63216,22
16692,65158,65496,154,63252,35
16700,65181,65488,159,63200,27
16684,65169,65420,159,63188,47
16716,65175,65496,138,63200,27
16700,65165,65516,142,63216,59
16644,65140,65468,127,63240,31
16652,65169,236,146,63264,27
16672,65167,65308,155,63144,11
16636,65158,64,142,63300,60
16744,65171,44,176,63176,33
16736,65175,65484,133,63188,10
16648,65174,65524,141,63316,53
16764,65156,65400,139,63356,42
10752,65135,63636,63866,61876,700
19308,65143,260,174,64948,221
17420,65173,65512,496,64336,180
17396,65159,65492,393,64068,40
16508,65173,65448,171,63356,21
16800,65166,132,196,63300,17
16688,65186,65520,244,63404,26
16572,65160,65520,263,63304,55
16616,65178,12,210,63344,57
16772,65182,65500,176,63344,19
16668,65165,65508,139,63392,24
16804,65182,16,156,63192,51
16716,65182,65516,156,63212,57
16476,65153,28,145,63468,56
16480,65178,65440,143,63080,39
16868,65161,68,150,63168,41
16804,65176,65432,139,63172,42
16620,65187,65468,127,63360,29
16604,65179,16,126,63228,26
16300,65192,65496,104,63092,19
15840,65159,65360,163,63028,65446
16440,65158,65256,253,63280,65525
16704,65173,65512,324,63244,3
16364,65153,65276,197,63440,22
16732,65173,65344,172,63272,5
16928,65178,65500,125,63200,48
16696,65195,100,141,63152,44
16532,65161,108,130,63156,21
16724,65173,8,159,63304,2
16960,65158,65496,129,63276,14
16764,65156,64,104,63080,52
16632,65165,65404,58,63432,45
16668,65165,65528,108,63224,39
16596,65153,65528,128,63224,48
16752,65167,76,121,63216,53
16748,65171,65460,149,63412,30
16788,65183,65460,160,63256,46
16556,65192,65508,137,63272,40
16700,65159,65436,116,63196,38
16772,65164,65448,118,63164,56
16672,65151,65492,137,63060,52
16768,65149,4,178,63128,66
16652,65165,65504,119,63232,39
16640,65148,65456,148,63328,40
16716,65178,65516,150,63312,66
16656,65175,65472,126,63332,31
16668,65172,65472,162,63172,38
16648,65151,65528,102,63116,1
16404,65166,65528,155,63268,42
16792,65166,65480,164,63208,31
16536,65189,65424,183,63348,31
16652,65181,65464,134,63184,33
16772,65156,65488,141,63200,33
16708,65149,65528,135,63168,28
16728,65178,144,145,63284,22
16744,65174,65484,163,63228,48
16692,65186,65468,142,63328,58
16632,65150,65484,126,63192,49
16664,65194,65512,137,63328,35
16664,65188,65400,176,63216,54
16632,65178,65532,139,63216,50
16676,65172,65468,154,63264,62
16708,65152,24,144,63268,24
16704,65164,65436,149,63288,77
16612,65169,36,160,63292,44
16676,65164,64,155,63288,55
16656,65147,65520,164,63240,63
16676,65163,65428,152,62976,66
16680,65165,44,192,63264,81
16656,65173,65520,139,63228,61
16676,65150,116,154,63324,42
16652,65157,65432,154,63128,43
16732,65175,65496,120,63212,51
16716,65150,236,141,63276,45
16792,65144,65492,128,63236,38
16660,65175,65528,168,63252,45
16660,65180,44,152,63192,16
16704,65161,16,130,63236,53
16668,65158,65436,145,63260,10
16528,65162,56,141,63304,38
16732,65162,65532,129,63424,37
16648,65176,65432,138,63132,17
16684,65167,65436,169,63244,28
16748,65182,65400,137,63364,11
5464,58811,49104,32768,32768,8243
59804,46133,64968,3263,56392,692
32767,47513,1728,22048,32767,3508
31312,51469,63040,60406,58800,3451
5260,53352,64136,64288,58732,520
16344,54686,65424,6986,65044,65283
17880,55971,1468,64803,64852,634
16148,60531,1412,972,63668,233
16608,64602,296,65116,65088,154
16516,65192,60,65386,62916,74
16760,65195,92,164,63604,26
16804,65132,60,207,62920,53
16740,65149,65444,155,63020,61
16644,65156,65368,122,63296,51
16556,65184,65332,145,63388,53
16576,65169,65448,113,63484,42
16780,65178,65496,169,63096,36
16776,65162,64,131,63272,74
16460,65161,56,184,63052,55
16520,65172,65504,142,63356,37
16560,65157,65440,139,63296,25
16696,65188,65468,124,63364,27
16632,65166,65484,139,63300,23
16696,65179,65444,141,63096,73
16592,65171,65524,128,63064,25
16668,65173,4,146,63288,34
16700,65179,4,181,63304,32
16712,65170,65520,174,63360,38
16704,65164,65504,146,63468,44
16724,65145,65444,144,63348,31
16744,65147,104,123,63212,29
16640,65147,65520,150,63212,30
16692,65127,65528,162,63200,14
16640,65160,65520,160,63344,24
16712,65162,65452,182,63184,29
16620,65189,8,138,63260,4
16692,65177,65512,161,63416,33
16632,65167,65524,148,63208,23
16708,65167,40,111,63268,29
16644,65162,0,133,63436,31
2724,65143,64432,121,59972,242
19108,65158,64680,2886,72,64929
16684,65189,136,726,62024,65499
16212,65178,65460,65395,62732,68
16448,65173,148,65399,63392,45
17172,65135,156,38,63552,65532
16648,65167,65344,211,63260,50
16532,65164,65516,205,63232,39
16684,65183,65472,136,63480,36
16728,65171,65528,168,63260,30
16604,65174,65528,90,63180,14
16876,65155,68,149,63076,3
16808,65174,65512,169,63128,37
16652,65179,65456,155,63208,42
16608,65172,65420,162,63324,9
16932,65200,64364,64958,60924,162
20116,65171,924,1120,65212,65199
17972,65176,56,727,63504,65515
16428,65162,65480,155,63076,41
16432,65157,72,65498,63032,31
16680,65130,60,73,63228,16
16612,65131,65344,83,63032,30
16640,65163,65512,161,63256,37
16604,65187,16,124,63348,49
16608,65168,16,135,63196,15
16668,65171,88,108,63132,34
16956,65145,12,134,63108,6
16828,65148,196,178,63252,33
1120,65246,1056,61643,5320,738
6724,65208,896,1195,60040,571
15616,65202,65028,255,61804,86
16220,65170,65192,65093,63084,111
16728,65161,236,65450,63604,82
16672,65163,268,214,63436,14
16788,65154,65412,196,63200,16
16840,65156,65500,217,63304,55
16568,65173,65432,168,63376,48
16648,65190,65420,128,63216,72
16412,65194,12,113,63296,40
16976,65167,88,125,63104,50
16848,65166,140,163,63064,52
16504,65154,80,188,63104,59
3060,65151,65128,111,60388,194
16200,65155,64412,883,65256,65253
16452,65214,65472,900,63164,65473
16892,65186,65508,228,62964,45
16676,65160,224,43,63144,38
16684,65157,48,61,63372,65532
16740,65136,65472,113,63156,65529
16808,65167,65460,166,63408,3
16804,65179,65336,150,63280,48
16584,65173,65380,133,63300,29
16528,65214,20,141,63104,3
16980,65178,156,109,63112,48
16784,65177,100,131,63032,53
16712,65158,65512,173,63348,67
8248,65209,65508,64743,60984,489
14228,65162,64784,1111,63780,204
15096,65202,65344,713,62548,90
17052,65175,65456,197,63256,69
16836,65169,56,83,63204,43
16840,65165,176,89,63276,65518
16784,65154,65436,91,63060,17
16860,65146,65476,188,63428,50
16724,65175,65400,195,63344,73
16632,65179,65472,167,63384,67
16452,65170,65460,113,63280,29
16988,65185,92,117,63124,15
16900,65154,40,161,63096,64
16308,65149,65116,246,1280,65381
12960,65185,64668,166,62376,84
15892,65172,65492,65193,62728,75
16384,65168,65372,65507,62860,73
16600,65185,65520,166,63288,53
16864,65182,112,144,63404,22
17008,65137,64,160,63388,6
16984,65140,65504,140,63184,22
16680,65160,65408,125,63300,27
16632,65162,65396,147,63236,24
16572,65186,65464,133,63336,36
16852,65177,104,123,63280,4
16960,65173,68,160,63192,39
16764,65148,204,189,63128,45
16556,65154,65348,151,63264,48
30368,65133,64024,1029,61880,64884
22892,65157,63960,1085,63556,65026
17500,65183,316,136,62484,89
16588,65165,65408,65473,63068,135
17076,65185,16,18,63748,53
17044,65142,260,47,63368,33
17036,65136,65448,49,63376,12
16744,65138,65320,133,63124,44
16568,65173,65460,119,63384,44
16500,65172,65408,156,63248,34
16484,65185,65420,110,63164,27
16828,65167,52,121,63072,38
16808,65164,12,168,63104,93
16592,65146,65436,165,63260,58
16508,65162,65436,150,63340,52
16652,65171,65416,124,63224,52
16692,65159,65500,119,63256,31
16728,65184,96,247,63052,65509
18008,65158,140,25,63744,53
17100,65150,108,111,63328,55
16652,65168,48,164,63256,74
16668,65139,65460,126,63304,19
16776,65178,65356,149,63348,44
16640,65184,65272,155,63300,63
16572,65202,20,132,63188,47
16764,65165,56,119,63184,51
16696,65165,32,145,63092,42
16656,65155,65484,150,63176,50
16732,65187,65428,168,63228,38
16636,65182,65476,125,63284,63
16704,65190,65440,144,63328,46
16680,65175,76,132,63272,49
16748,65171,48,125,63316,34
16692,65177,16,157,63328,40
16696,65159,65504,148,63268,41
16780,65164,65436,130,63216,59
16764,65198,65488,162,63032,61
16600,65190,65464,148,63436,51
16660,65168,36,140,63232,48
16572,65189,65496,119,63284,2
16768,65159,65504,126,63152,24
16736,65174,16,176,63396,34
16624,65169,36,160,63356,37
16532,65144,65392,125,63276,31
16700,65167,65480,141,63264,15
16792,65171,65504,135,63268,0
16780,65151,8,141,63148,19
16628,65167,48,166,63224,42
16712,65156,65312,132,63244,11
16712,65162,65320,174,63208,35
16708,65158,65508,135,63288,12
16612,65157,65456,144,63368,45
16740,65160,4,112,63224,14
16644,65165,4,124,63180,16
16788,65167,65460,159,63120,31
16776,65157,20,158,63216,26
16768,65162,65508,154,63316,46
16712,65147,65468,151,63232,43
16628,65178,65472,156,63296,5
16776,65187,12,165,63284,47
16800,65166,80,163,63152,39
16640,65168,8,133,63240,67
16592,65146,65500,118,63148,45
16732,65175,65468,122,63184,38
16712,65179,65480,124,63280,70
16648,65181,65444,128,63272,39
16712,65173,65504,150,63212,34
16716,65163,65484,148,63292,73
16708,65166,65408,140,63356,48
16672,65158,16,132,63304,60
16608,65165,44,166,63388,25
16688,65154,24,139,63264,45
16604,65174,8,161,63196,39
16724,65155,12,116,63136,35
16708,65192,65520,170,63208,45
16672,65170,120,158,63160,21
16672,65153,52,167,63240,13
16728,65148,72,152,63380,18
16736,65170,65512,166,63404,9
16736,65172,65420,115,63236,29
16644,65168,65504,125,63012,37
16704,65167,65480,102,63452,41
16784,65154,65472,123,63236,31
16748,65142,65520,141,63188,36
16668,65168,52,147,63152,39
16768,65157,65520,157,63412,49
16720,65157,65384,126,63236,41
16648,65167,65444,136,63280,60
16596,65163,65464,130,63304,55
16668,65181,24,164,63300,63
16756,65154,104,127,63240,46
16672,65149,65460,141,63268,48
16792,65158,65516,171,63160,52
16520,65162,65496,174,63108,66
16732,65155,65440,127,63084,40
16696,65175,12,180,63380,39
16688,65167,65492,157,63180,44
16732,65168,65444,127,63048,45
16720,65154,68,155,62980,55
16668,65167,65456,139,63340,52
16696,65175,65520,155,63248,46
16684,65170,65472,145,63236,37
16804,65177,65448,151,63256,43
16704,65192,92,155,63060,9
16628,65172,65532,125,63256,25
16692,65132,65488,120,63288,14
16880,65176,65496,120,63336,27
26504,65159,64992,1034,60944,65417
18400,65153,65140,40,63756,65529
18924,65161,65440,49,64220,17
17248,65204,76,81,63348,71
16684,65178,56,153,63400,35
16568,65206,12,170,63184,29
16756,65170,80,201,63164,29
16848,65156,65504,172,63300,24
16792,65179,65512,202,63348,65
16336,65164,65516,154,63356,38
16636,65155,65476,141,63212,30
16672,65179,0,105,63188,49
16964,65185,65528,128,63212,48
16628,65165,20,160,63184,59
16588,65172,65504,181,63192,31
16632,65166,65492,119,63320,34
16728,65178,65492,139,63144,36
16736,65190,4,162,63380,61
16592,65177,16,164,63224,37
16584,65161,65532,137,63364,45
16700,65169,52,136,63200,48
16828,65151,65512,159,63188,26
16668,65166,8,159,63216,35
16628,65172,65480,128,63176,18
16580,65190,65512,144,63192,27
16820,65194,0,143,63216,6
16788,65169,0,162,63212,18
16548,65162,44,141,63264,37
16600,65184,65504,150,63264,33
16660,65134,65428,119,63336,6
16720,65174,65456,105,63232,23
16728,65168,65512,126,63228,31
16708,65191,65428,148,63216,25
16580,65184,65496,139,63228,37
16728,65171,65516,147,63248,32
16780,65171,65400,140,63316,37
16652,65188,65460,152,63460,50
16604,65155,65476,177,63416,26
16552,65165,65396,119,63268,36
16668,65156,60,140,63292,42
16836,65174,65500,154,63256,51
29228,65170,1032,1100,2416,65126
13688,65154,756,65234,61388,65463
15780,65193,44,231,62684,108
16236,65153,65300,220,62976,99
16408,65162,65412,61,63124,54
16324,65174,36,78,63208,69
16432,65149,32,37,63200,52
16532,65148,65532,131,63136,60
16776,65171,65296,168,63248,64
16740,65163,65492,181,63132,31
16612,65202,65448,164,63352,32
16772,65178,12,78,63252,11
16704,65156,0,143,63084,33
16768,65149,68,132,63016,41
16612,65143,65532,152,63140,61
16656,65188,65416,153,63224,22
16740,65176,65456,128,63424,45
16736,65164,65528,148,63196,29
16604,65156,65520,168,63340,34
16636,65191,20,158,63380,21
16612,65150,65504,132,63256,65531
16720,65179,48,114,63296,24
16816,65152,65512,159,63076,21
16760,65185,65424,145,63180,50
16564,65179,65460,152,63212,20
16616,65175,65488,139,63296,43
16728,65159,36,157,63160,18
16724,65167,100,140,63108,46
16600,65173,65480,155,63212,48
16624,65168,0,138,63496,65533
16724,65141,36,118,63244,25
16812,65191,65412,127,63188,45
16592,65185,65468,141,63208,55
16624,65186,65508,135,63272,60
16768,65187,65516,156,63256,12
16744,65167,65516,123,63184,12
16656,65179,65488,141,63312,24
16704,65187,65480,122,63280,33
16560,65149,65480,141,63352,38
16668,65151,65436,123,63252,13
16840,65169,8,147,63148,29
16620,65194,65496,154,63204,25
16684,65181,28,165,63196,27
13448,65167,64272,132,65288,20
19884,65159,65000,783,63944,65467
15940,65145,65528,26,62884,91
17260,65181,65432,211,63424,50
17616,65182,65376,278,63764,62
16996,65184,64,133,63248,33
16836,65159,132,76,63124,18
16940,65171,124,76,62980,32
16768,65167,24,127,63264,38
16504,65173,65352,160,63464,48
16408,65182,65344,152,63484,29
16724,65178,65452,119,63380,47
16776,65174,44,142,63288,51
16740,65160,124,146,63148,86
16664,65144,65496,161,63168,43
16724,65176,65396,131,63144,24
16728,65153,65364,130,63272,55
16812,65164,65508,181,63244,83
16744,65193,65452,133,63200,60
16640,65174,8,135,63084,61
9760,65185,65468,64709,536,75
16172,65172,156,65235,63396,35
15656,65173,65424,65241,63608,93
15976,65175,65472,29,63340,93
16492,65183,65528,165,63112,78
16448,65166,28,166,63140,48
16764,65162,65508,128,63108,29
16888,65183,65532,117,63336,19
16876,65147,65508,180,63300,43
16556,65177,65500,129,63444,41
16500,65176,65464,132,63432,3
16716,65160,65504,108,63256,4
16800,65162,84,117,63036,30
16680,65171,44,147,63100,48
16556,65168,32,152,63216,27
16532,65161,65412,116,63316,11
16736,65192,65464,126,63192,10
16712,65176,65504,143,63392,16
16592,65181,24,149,63344,41
9832,65154,64628,65494,64236,65510
24900,65142,680,1493,62676,65297
19020,65153,88,417,62732,65479
17024,65147,65400,151,63240,20
16800,65178,65412,180,63312,82
16724,65172,65436,101,63052,45
16828,65166,12,74,63156,35
16692,65184,144,97,63184,22
16884,65175,16,119,63416,59
16544,65168,65472,174,63412,63
16436,65178,65520,125,63560,33
16640,65179,65456,124,63428,30
16844,65163,65448,120,63320,41
16804,65180,65508,126,63032,51
16548,65166,72,141,63008,24
16672,65173,65520,118,63016,36
16644,65163,65488,146,63280,50
16844,65175,65468,149,63204,59
16532,65169,65496,172,63480,79
16512,65192,65496,164,63488,33
16616,65150,72,134,63504,43
16732,65168,65532,139,63144,57
16772,65171,65528,136,63204,57
16700,65159,65432,128,63200,35
16752,65171,65432,132,63156,52
17204,65147,64936,65423,63180,65526
14516,65140,208,1089,63060,65388
15544,65160,65220,220,62852,65481
17268,65176,65456,187,63440,61
17440,65161,65336,159,63720,77
16868,65163,100,42,63320,31
16724,65158,36,14,63088,19
16892,65162,76,97,63036,10
16656,65160,65468,155,62988,60
16500,65168,65452,187,63332,29
16432,65183,65468,173,63412,26
16752,65174,65456,130,63408,65526
16800,65182,32,144,63120,27
16604,65158,116,172,63340,26
16448,65151,65456,165,63200,39
16680,65161,65448,139,63260,14
16740,65146,65496,112,63132,25
16780,65158,65456,135,63112,51
16692,65142,65440,173,63252,34
16568,65210,65472,169,63280,37
16696,65160,64,154,63276,24
16792,65165,36,160,63296,59
8992,65131,65432,771,61292,65139
17608,65146,65528,65320,63808,43
17644,65168,108,303,63328,89
16572,65167,96,244,62876,53
16568,65189,65484,79,62892,52
16480,65155,12,120,62812,104
16544,65157,65472,99,63060,38
16620,65173,65472,156,63156,41
16812,65166,65496,178,63412,11
16528,65154,65416,195,63568,43
16464,65189,65424,135,63404,32
16616,65203,96,128,63304,0
16836,65141,164,142,63148,33
16960,65169,96,140,63100,37
16700,65167,8,172,63104,43
16540,65158,65428,153,63512,25
16668,65170,65372,150,63236,65533
16780,65179,65496,139,63252,14
16692,65190,88,159,63456,38
16628,65171,44,133,63128,17
16584,65147,65528,171,63196,17
16620,65151,65532,131,63288,32
16732,65153,65480,110,63216,50
16776,65178,65376,151,63212,28
16628,65165,65472,153,63208,42
16732,65184,65452,165,63276,45
16732,65179,65516,107,63120,9
16724,65166,112,128,63224,28
16668,65167,65456,132,63320,23
16592,65152,65428,156,63444,20
16624,65173,65472,131,63268,29
16700,65169,65360,118,63208,1
16704,65190,4,167,63000,26
16652,65186,96,141,63176,59
16652,65164,52,142,63112,31
16684,65165,0,144,63160,36
16656,65177,65456,140,63296,60
16752,65160,65468,147,63396,40
16600,65175,52,150,63288,39
16712,65187,65532,144,63168,14
16704,65168,96,115,63216,24
6884,65117,64892,179,61472,65530
25500,65130,65184,1443,864,65351
17892,65155,65456,223,63416,65518
17264,65170,65468,123,63120,65532
17200,65179,65464,248,63492,91
16672,65189,144,113,63028,23
16668,65171,65508,96,63164,27
16868,65164,12,83,63256,13
16860,65151,65492,137,63288,37
16540,65172,65504,186,63252,33
16440,65143,65432,110,63420,9
16652,65168,65332,108,63340,0
16888,65153,65524,119,63260,65533
16876,65171,100,164,63028,20
16588,65170,12,178,63044,44
16556,65160,65412,152,63120,25
16680,65173,65460,149,63204,25
16784,65173,65484,138,63320,29
16744,65174,65456,171,63428,48
16384,65150,65512,158,63360,62
16548,65166,65444,119,63440,37
16632,65149,65512,131,63184,30
16776,65167,0,128,63072,50
16692,65175,65432,160,63132,70
16592,65168,16,164,63128,59
16644,65153,65484,119,63264,68
16800,65184,65532,111,63208,66
16780,65167,65436,154,63316,49
16660,65147,12,159,63340,56
16628,65176,65484,148,63424,51
16504,65144,65428,92,63288,29
16888,65137,4,121,63208,11
17012,65154,65508,122,63184,45
16828,65156,88,192,63080,84
16344,65154,65404,187,63220,50
16468,65153,65468,126,63168,11
16988,65162,40,109,63296,4
17072,65161,65468,155,63180,17
16552,65176,65516,164,63384,63
16372,65182,65464,130,63384,7
16784,65151,65424,90,63172,65524
17056,65166,65524,100,62980,65518
16828,65170,65484,158,63080,40
16584,65195,65468,186,63116,60
16464,65164,65480,147,63168,27
16760,65181,65376,130,63460,23
16704,65186,65440,117,63192,65534
16736,65178,48,156,63400,26
16384,65173,65504,159,63320,36
16484,65199,65448,126,63244,4
16664,65141,65440,127,63228,0
16872,65161,65500,146,63180,35
16712,65177,65508,170,63028,37
16544,65154,65464,155,63188,51
16604,65177,65464,125,63284,14
16692,65191,28,135,63292,26
16772,65153,24,144,63268,36
16708,65140,65468,163,63364,37
16540,65149,65444,151,63400,60
16644,65178,65496,126,63256,11
16860,65163,65464,136,63216,44
16692,65179,65484,145,63184,57
16808,65177,65448,153,63376,64
16592,65174,24,135,63196,63
16688,65166,36,124,63148,47
16692,65174,65480,156,63308,33
16656,65158,4,155,63336,75
16740,65167,65488,137,63212,50
16676,65180,65500,142,63208,29
16736,65166,65524,140,63284,31
16724,65166,44,143,63244,30
16704,65173,65520,150,63244,47
16604,65161,65496,180,63232,31
16676,65191,65460,148,63272,7
16760,65177,65492,141,63152,29
16720,65165,12,126,63304,23
16580,65160,65472,149,63284,39
16688,65169,65512,143,63228,48
16736,65198,12,139,63228,41
16652,65155,12,132,63288,50
16680,65178,16,149,63284,46
16660,65175,24,164,63152,47
16692,65183,28,119,63164,44
16696,65183,65472,126,63224,61
16668,65167,65532,151,63220,36
16608,65178,65496,125,63296,70
16596,65157,65488,170,63496,60
16868,65151,65520,120,63268,46
16592,65157,65480,137,63372,53
16712,65167,65484,133,63180,64
16764,65164,4,146,63188,44
16612,65145,65504,141,63404,43
16736,65181,65512,164,63004,20
16640,65169,65484,136,63208,59
16760,65149,65464,153,63212,20
16660,65153,4,157,63232,40
16636,65148,65332,166,63188,4
16624,65155,220,155,63364,15
16688,65161,84,146,63228,34
16620,65169,65516,139,63236,25
16636,65157,65476,132,63324,25
16692,65154,24,158,63448,5
